timestamp,value,rolling_range_count,rolling_mean,rolling_std,rolling_q1,rolling_q3,rolling_range_percent
2023-01-01,50.993428306022466,0.0,50.993428306022466,,50.993428306022466,50.993428306022466,0.0
2023-01-02,51.39093504703956,0.0,51.192181676531014,0.28107971214055366,51.092804991276736,51.29155836178529,0.0
2023-01-03,54.58239262722343,1.0,52.32225199342849,1.967404296449196,51.192181676531014,52.986663837131495,2.0
2023-01-04,57.858799120135664,2.0,53.70638877510528,3.2005923876714153,51.29155836178529,55.401494250451485,4.0
2023-01-05,55.734316249588844,3.0,54.111974270001994,2.9163918962252335,51.39093504703956,55.734316249588844,6.0
2023-01-06,56.952023048773306,2.0,54.58531573313055,2.854572857398221,52.188799442085525,56.64759634897719,4.0
2023-01-07,61.59495373933733,3.0,55.58669259116009,3.7161509362612475,52.986663837131495,57.405411084454485,6.0
2023-01-08,60.76527185079791,4.0,56.23401499861481,3.8973276456211314,53.784528232177465,58.585417302801226,8.0
2023-01-09,58.85119744598862,5.0,56.52481304832301,3.748544915241679,54.58239262722343,58.85119744598862,10.0
2023-01-10,61.19867061843766,4.0,56.992198805334475,3.830769606167353,54.87037353281478,60.286753249595584,8.0
2023-01-11,59.281144156222,5.0,57.20028474632425,3.6991368648910004,55.158354438406136,60.02320800350995,10.0
2023-01-12,59.158504517733355,6.0,57.36346972727501,3.5720023423208103,55.44633534399749,59.652176079865974,12.0
2023-01-13,60.268321863881326,7.0,57.58691989162934,3.513548589830461,55.734316249588844,60.268321863881326,14.000000000000002
2023-01-14,55.49680900027752,6.0,57.43762625653278,3.4216146391233093,55.55618581260535,60.021527436966494,12.0
2023-01-15,55.29485521682062,7.0,57.29477485388531,3.343246684230679,55.39583210854907,59.77473301005166,14.000000000000002
2023-01-16,79.63609873875207,8.0,58.69110759668948,6.451981650899501,55.4463205544133,60.39255936061047,16.0
2023-01-17,55.37805856026251,9.0,58.4962223592526,6.2985694701397446,55.37805856026251,60.268321863881326,18.0
2023-01-18,57.35787825025018,8.0,58.43298101986358,6.116397800066469,55.407746170266265,60.021527436966494,16.0
2023-01-19,54.29329611215541,9.0,58.21510286682631,6.019461581036981,55.33645688854156,59.77473301005166,18.0
2023-01-20,52.75743332882496,10.0,57.94221938992623,5.984661833682442,55.11673956942133,59.52793858313683,20.0
2023-01-21,58.11173568187245,11.0,57.95029159430462,5.833244103456719,55.29485521682062,59.281144156222,22.0
2023-01-22,54.47899642883747,10.0,57.79250545041975,5.740569505751324,54.76050827462272,59.25048424659984,20.0
2023-01-23,54.98531943982137,11.0,57.67045388474157,5.6390464019272795,54.7838560335224,59.21982433697768,22.0
2023-01-24,52.0990411638765,12.0,57.43831168803885,5.631131845554505,54.55654357762694,59.189164427355514,24.0
2023-01-25,54.13621925375658,13.0,57.306227990667566,5.551987319469408,54.47899642883747,59.158504517733355,26.0
2023-01-26,55.89171816049754,12.0,57.251823766430256,5.446883143387013,54.50484547843396,59.08167774979717,24.0
2023-01-27,53.96255600205114,13.0,57.129999034416215,5.378489807002253,54.38614627049644,59.00485098186098,26.0
2023-01-28,57.73361678837376,14.0,57.15155681134327,5.279181016171708,54.43257134966696,58.9280242139248,28.000000000000004
2023-01-29,56.587911912070275,15.0,57.13212078033386,5.185109345841929,54.47899642883747,58.85119744598862,30.0
2023-01-30,58.06288565761096,14.0,57.16314627624309,5.097759804843033,54.50484547843396,58.66633200495958,28.000000000000004
2023-01-31,58.30715193849274,15.0,57.200049684702755,5.016286897215743,54.53069452803045,58.57917469224068,30.0
2023-02-01,64.04187968198919,16.0,57.41385687211796,5.080772840433305,54.55654357762694,58.9280242139248,32.0
2023-02-02,61.054959290563325,17.0,57.52419330904055,5.040764180945538,54.58239262722343,59.158504517733355,34.0
2023-02-03,59.586571203989195,16.0,57.584851482421385,4.976386712168498,54.68312433037291,59.25048424659984,32.0
2023-02-04,63.8040932066135,17.0,57.76254410311259,5.014097390070513,54.7838560335224,59.433857680105596,34.0
2023-02-05,59.978609662729625,18.0,57.824101479768615,4.955730884668429,54.88458773667188,59.684580818674306,36.0
2023-02-06,62.87814219924317,19.0,57.96069717488956,4.956553934026362,54.98531943982137,59.978609662729625,38.0
2023-02-07,58.342955503295926,18.0,57.97075660458446,4.88950791909131,55.062703384071185,59.88060004804451,36.0
2023-02-08,59.161708438331395,19.0,58.00129383109079,4.828510837411728,55.140087328320995,59.78259043335941,38.0
2023-02-09,61.523244950700914,20.0,58.089342609081044,4.798626081849367,55.217471272570805,60.05103771301755,40.0
2023-02-10,61.684912701837746,21.0,58.17703944061169,4.771421388983686,55.29485521682062,60.268321863881326,42.0
2023-02-11,59.41672863955689,20.0,58.2065558501104,4.716754570950745,55.31565605268109,60.1958938135934,40.0
2023-02-12,57.525166437703035,21.0,58.190709584705566,4.661422772378986,55.33645688854156,60.123465763305475,42.0
2023-02-13,55.68926873985116,22.0,58.13385865641342,4.622309933220117,55.35725772440204,60.05103771301755,44.0
2023-02-14,51.76376000020073,23.0,57.99230090849758,4.667108390778633,55.29485521682062,59.978609662729625,46.0
2023-02-15,51.65048152696006,22.0,57.85443526976851,4.708734168812636,55.062703384071185,59.88060004804451,44.0
2023-02-16,50.526062875640186,23.0,57.69851245287216,4.778371488426027,54.7838560335224,59.78259043335941,46.0
2023-02-17,51.95437438291608,24.0,57.57884290974807,4.799419494003488,54.55654357762694,59.684580818674306,48.0
2023-02-18,49.0016426533176,25.0,57.40379800655562,4.904685388702179,54.47899642883747,59.586571203989195,50.0
2023-02-19,71.43413254451875,24.0,57.684404697314875,5.244235595521403,54.50484547843396,59.88060004804451,48.0
2023-02-20,46.3180409198674,24.0,57.59089694959178,5.405186884559293,54.50484547843396,59.88060004804451,48.0
2023-02-21,43.84664766239847,24.0,57.44001120189896,5.680099081174754,54.50484547843396,59.88060004804451,48.0
2023-02-22,42.42021418690367,24.0,57.196767633092556,6.053136646487083,54.33972119132592,59.88060004804451,48.0
2023-02-23,44.37692995498312,24.0,56.927130249789506,6.317545112654336,54.175488468356285,59.88060004804451,48.0
2023-02-24,44.81981759186759,24.0,56.70884027663508,6.544103320515201,54.0059718149775,59.88060004804451,48.0
2023-02-25,44.442263275560734,24.0,56.458645081170836,6.76985969902593,53.058713997131505,59.88060004804451,48.0
2023-02-26,40.92459529932097,24.0,56.0452379123705,7.074095858450149,52.26363920511361,59.544110562881116,48.0
2023-02-27,42.184856071184484,24.0,55.673629596778234,7.305331580994135,51.990541078156184,59.38283251872316,48.0
2023-02-28,43.81130690641098,24.0,55.37283178598668,7.479385822665863,51.81141359587957,59.38283251872316,48.0
2023-03-01,45.55326385036596,24.0,55.05992365062525,7.557544336098011,51.67880114527023,59.251285226749346,48.0
2023-03-02,43.16379900138468,24.0,54.7375767475285,7.715887460733958,50.80716753847015,59.16090745818188,48.0
2023-03-03,44.29400060327426,24.0,54.44028666923932,7.8276272329824215,49.38274770889825,58.95702020457253,48.0
2023-03-04,42.97554220808006,24.0,54.09443107612329,7.946003004454361,46.98894135322995,58.33400461209513,48.0
2023-03-05,43.256826739086904,24.0,53.84963143089948,8.089171250154523,45.74445811774132,58.33400461209513,48.0
2023-03-06,47.63564334441747,24.0,53.69644719345142,8.133643396060211,45.74445811774132,58.33400461209513,48.0
2023-03-07,48.952437132314365,24.0,53.08277396132267,7.245634797328194,45.74445811774132,58.258297874337664,48.0
2023-03-08,46.16798308329495,24.0,52.89857245178331,7.302936855264856,45.706943658598206,58.258297874337664,48.0
2023-03-09,48.21660847218678,24.0,52.71574705622206,7.3034456099902325,45.706943658598206,58.258297874337664,48.0
2023-03-10,46.647611002276435,24.0,52.56283335402447,7.3496356361935815,45.706943658598206,58.258297874337664,48.0
2023-03-11,44.16727821338301,24.0,52.39103025171563,7.444778634511048,45.00317915649218,58.258297874337664,48.0
2023-03-12,45.54235306698749,24.0,52.13964259941793,7.459865181665094,45.00045146064757,58.24608536827229,48.0
2023-03-13,47.1059656490326,24.0,51.99218198382183,7.485506994875759,45.00045146064757,58.24608536827229,48.0
2023-03-14,43.04440167595558,24.0,51.75336362854452,7.577975772757964,44.53665185463745,58.24608536827229,48.0
2023-03-15,45.24182351386224,24.0,51.616219275544225,7.633439266646586,44.53665185463745,58.24608536827229,48.0
2023-03-16,35.81980096162659,24.0,51.249890909701634,7.943251486766065,44.393263285127524,58.24608536827229,48.0
2023-03-17,41.64380500875045,24.0,50.96493264666668,8.0284408103828,44.31473294120148,58.24608536827229,48.0
2023-03-18,39.15426839810483,24.0,50.66876689458777,8.187169612616088,44.19895881085582,58.24608536827229,48.0
2023-03-19,37.4471550705445,24.0,50.263037660231184,8.331310100623547,43.9268053001446,58.24608536827229,48.0
2023-03-20,37.42172278432176,24.0,49.87971387767621,8.474059033876905,43.820142095407846,58.24608536827229,48.0
2023-03-21,32.623306432124934,24.0,49.37092229316649,8.732475164808038,43.39544678091792,58.111655563295315,48.0
2023-03-22,35.71996404245125,24.0,48.919178535245656,8.84427503338674,43.187055935810235,57.06619201324007,48.0
2023-03-23,36.661177702665206,24.0,48.37156449565918,8.735813315714156,43.07425100731285,54.75554515061739,48.0
2023-03-24,38.93490808798147,24.0,47.929163471607545,8.639968026434243,42.992757075048935,51.90672078723724,48.0
2023-03-25,35.22778328617271,24.0,47.44198771325121,8.655971420027084,42.55904619219777,51.73544038189056,48.0
2023-03-26,35.18445095771771,24.0,46.869594868273296,8.49671395386956,42.24369560011428,51.36937686413009,48.0
2023-03-27,36.57618895015926,24.0,46.40154645402189,8.403920031977586,41.77906777435896,50.14495782005954,48.0
2023-03-28,40.40994768025928,24.0,45.95218256364221,8.100128969123542,41.10439772667834,48.98934127306679,48.0
2023-03-29,40.42888968364288,24.0,45.59390124724915,7.935389104328485,40.552816087562405,48.76847996728247,48.0
2023-03-30,40.06132531780002,24.0,45.21189358483852,7.725886942480288,40.414683181105175,48.07136719024445,48.0
2023-03-31,43.612736514651026,24.0,44.853683416117526,7.36075988348965,40.414683181105175,47.50322392057125,48.0
2023-04-01,44.316302575771346,24.0,44.5063112135962,6.948533311106091,40.414683181105175,46.99137698734356,48.0
2023-04-02,47.6185804853646,24.0,44.27034825051235,6.624637671737278,40.414683181105175,46.99137698734356,48.0
2023-04-03,45.81204028660713,24.0,44.03608572749044,6.347662356930905,40.414683181105175,46.56521848167418,48.0
2023-04-04,48.0258090526161,24.0,43.882816533745725,6.149987055048936,40.414683181105175,46.56521848167418,48.0
2023-04-05,49.25026229427588,24.0,43.83254657962724,6.094273907869189,40.414683181105175,46.56521848167418,48.0
2023-04-06,48.31292717890848,24.0,43.7657954926662,6.024777863354897,40.414683181105175,46.56521848167418,48.0
2023-04-07,52.86062426395637,24.0,43.812486720432524,6.08696358502912,40.414683181105175,46.56521848167418,48.0
2023-04-08,53.6209068753439,24.0,43.84581737028109,6.1368149407005355,40.414683181105175,46.56521848167418,48.0
2023-04-09,53.72950405448324,24.0,43.940374598304395,6.25319845972323,40.414683181105175,46.56521848167418,48.0
2023-04-10,53.65820311943234,24.0,43.58485600980267,5.047189255538773,40.414683181105175,46.56521848167418,48.0
2023-04-11,51.499385534821364,24.0,43.688482902101754,5.15645899876144,40.414683181105175,46.99137698734356,48.0
2023-04-12,53.50233867714939,24.0,43.881596722396765,5.3400422351614045,40.414683181105175,47.4904267762816,48.0
2023-04-13,53.50682956405187,24.0,44.10332902993973,5.505725609971836,40.414683181105175,47.63137762965425,48.0
2023-04-14,52.30294182279302,24.0,44.26184926729593,5.626540731080076,40.414683181105175,47.92826762556644,48.0
2023-04-15,53.20388590240532,24.0,44.42953063350669,5.766693439140627,40.414683181105175,48.16890861729411,48.0
2023-04-16,53.89827165737855,24.0,44.61865080114304,5.920134237992999,40.414683181105175,48.28884750222805,48.0
2023-04-17,56.414058875179045,24.0,44.92844007266021,6.124621798139657,40.414683181105175,48.792559643962896,48.0
2023-04-18,52.57326532593541,24.0,45.136208257755214,6.20532413826405,40.414683181105175,49.175806003785496,48.0
2023-04-19,52.39371126100031,24.0,45.307856344847,6.286102534026469,40.414683181105175,50.93710472468499,48.0
2023-04-20,51.49365199087067,24.0,45.4266641076571,6.346680390617536,40.414683181105175,51.49795214883369,48.0
2023-04-21,47.71018307340445,24.0,45.517591789097494,6.346166696529624,40.414683181105175,51.49795214883369,48.0
2023-04-22,51.5659295651127,24.0,45.66303036833427,6.400646253585189,40.414683181105175,51.54929355753986,48.0
2023-04-23,51.993322002327574,24.0,45.843385964219216,6.4502316731447085,40.414683181105175,51.886473893023854,48.0
2023-04-24,57.243561022343314,24.0,46.12312064988434,6.636371751586132,40.414683181105175,52.22553686767665,48.0
2023-04-25,52.565127916719874,24.0,46.22171034133039,6.695651661749237,40.414683181105175,52.37101890144849,48.0
2023-04-26,54.36313760949451,24.0,46.32992435087399,6.783828705182302,40.414683181105175,52.522273752789985,48.0
2023-04-27,54.6581315882227,24.0,46.49972732097255,6.8851917726213765,40.414683181105175,52.57123097363153,48.0
2023-04-28,53.4867844637372,24.0,46.60513084080356,6.952026885577911,40.414683181105175,52.78878452945113,48.0
2023-04-29,59.30023293831123,24.0,46.858183279524255,7.180138775500729,40.414683181105175,53.11807049279308,48.0
2023-04-30,59.762072470167254,24.0,47.170079164659946,7.3963182828891085,40.414683181105175,53.41605982340423,48.0
2023-05-01,61.092629057037605,24.0,47.48108468446094,7.649092736033458,40.414683181105175,53.498450123796346,48.0
2023-05-02,58.90661515578563,24.0,47.717097674596005,7.81748340191597,40.414683181105175,53.50570684232625,48.0
2023-05-03,64.66214434453808,24.0,48.149452527967654,8.144728197330899,40.414683181105175,53.59238754752089,48.0
2023-05-04,60.05637114902258,24.0,48.44574348067086,8.30468795706097,40.414683181105175,53.64887905841023,48.0
2023-05-05,64.86970559927022,24.0,49.026741573423735,8.418733276587025,40.73261851491977,53.71167882072052,48.0
2023-05-06,68.71103827054215,24.0,49.56808623865957,8.796090865214747,41.224851391394914,53.85607975665472,48.0
2023-05-07,62.754477215497104,24.0,50.040090415007406,8.858851700129957,43.788628029931104,54.24692112146552,48.0
2023-05-08,63.7611610307806,24.0,50.566370534212126,8.87707508234229,44.69023700348029,54.58438309354065,48.0
2023-05-09,64.99478471430353,24.0,51.11783177281176,8.900255138809394,46.2636753362965,55.97507705343996,48.0
2023-05-10,63.434162884529684,24.0,51.73404890185987,8.656919966754442,47.641481132374565,57.036185485552245,48.0
2023-05-11,60.739365319741474,24.0,52.23443692740567,8.432561166274574,47.78908956820736,58.490851622425055,48.0
2023-05-12,63.150614935881535,24.0,52.76422567207,8.264627153161884,48.0975885841892,59.20182849267983,48.0
2023-05-13,59.862589358670355,24.0,53.182779297483776,8.077780588266487,48.54726095775033,59.64661258720325,48.0
2023-05-14,61.743934877087995,24.0,53.713102329302075,7.738224496514913,49.811109718424575,59.83746013654458,48.0
2023-05-15,57.64398924064135,24.0,54.16229309496055,7.278957837250552,51.49508537685834,59.83746013654458,48.0
2023-05-16,61.19003875378456,24.0,54.65457009103306,6.887106336225364,51.5160215423942,60.00792570143452,48.0
2023-05-17,55.099067388996616,24.0,54.948352485207806,6.573217700706727,51.672777674416416,60.00792570143452,48.0
2023-05-18,54.61188002642375,24.0,55.232012292063416,6.230975331443068,52.07072695744394,60.00792570143452,48.0
2023-05-19,55.53357923256386,24.0,55.5414573703587,5.833717986922143,52.32563418234484,60.00792570143452,48.0
2023-05-20,50.196787137232015,24.0,55.67313838281032,5.629704628840589,52.32563418234484,60.00792570143452,48.0
2023-05-21,52.002645373210804,24.0,55.82686523875911,5.41407526591559,52.32563418234484,60.00792570143452,48.0
2023-05-22,53.21727087687906,24.0,55.93883904658939,5.297487806081825,52.4365654249302,60.00792570143452,48.0
2023-05-23,46.62996079505332,24.0,55.95519745675831,5.266752197960325,52.4365654249302,60.00792570143452,48.0
2023-05-24,49.654451155873964,24.0,55.98777029882348,5.221553469296959,52.4365654249302,60.00792570143452,48.0
2023-05-25,49.44572853386786,24.0,55.99167962361531,5.216476923556139,52.4365654249302,60.00792570143452,48.0
2023-05-26,50.3236886683819,24.0,56.031894853404786,5.163553519190841,52.4365654249302,60.00792570143452,48.0
2023-05-27,46.29727332250541,24.0,55.90062783457577,5.326668197101461,52.32563418234484,60.00792570143452,48.0
2023-05-28,46.293973658226314,24.0,55.754089170233414,5.488974678097987,52.07771948560636,60.00792570143452,48.0
2023-05-29,50.263532251497836,24.0,55.684769734173706,5.5367424280233495,51.99565284504838,60.00792570143452,48.0
2023-05-30,50.1823160876707,24.0,55.61525199353848,5.584323369156751,51.672777674416416,60.00792570143452,48.0
2023-05-31,50.50098570069175,24.0,55.595283996855876,5.601100719151294,51.672777674416416,60.00792570143452,48.0
2023-06-01,51.104549677789606,24.0,55.54732821686869,5.629578265295396,51.511721384431176,60.00792570143452,48.0
2023-06-02,49.420301436578974,24.0,55.465597654319225,5.6891559019909,51.20182525605987,60.00792570143452,48.0
2023-06-03,51.529620509927135,24.0,55.450131228061906,5.6989720029610655,51.20182525605987,60.00792570143452,48.0
2023-06-04,51.81497020233577,24.0,55.42235291406052,5.713510676939631,51.20182525605987,60.00792570143452,48.0
2023-06-05,49.81125423911998,24.0,55.340612565695345,5.764765494203952,50.65187669496621,60.00792570143452,48.0
2023-06-06,54.80558607691851,24.0,55.308443109730135,5.763140728245526,50.65187669496621,60.00792570143452,48.0
2023-06-07,51.662482403014224,24.0,55.29022745127171,5.773392528431094,50.65187669496621,60.00792570143452,48.0
2023-06-08,47.77246574141891,24.0,55.19780254088008,5.857092020619864,50.36801292645936,60.00792570143452,48.0
2023-06-09,50.710121848953456,24.0,55.18213193804174,5.86824225024128,50.36801292645936,60.00792570143452,48.0
2023-06-10,46.50291115554283,24.0,55.15798649968451,5.902000338374147,50.36801292645936,60.00792570143452,48.0
2023-06-11,48.91565343738499,24.0,55.104980977129955,5.946650852100628,50.27857135571885,60.00792570143452,48.0
2023-06-12,69.63118570522035,24.0,55.45773825118781,6.2725128886724795,50.27857135571885,60.56861677706175,48.0
2023-06-13,43.10263230446147,24.0,55.17491967683018,6.50484378653563,50.21347341579847,60.56861677706175,48.0
2023-06-14,45.26117828481959,24.0,55.02884068419216,6.645146983872695,50.185933850061026,60.56861677706175,48.0
2023-06-15,42.73539191012356,24.0,54.79628577020475,6.86862517242218,49.90401970125766,60.56861677706175,48.0
2023-06-16,42.16128261088001,24.0,54.546348790657895,7.097316782106916,49.69365192668547,60.56861677706175,48.0
2023-06-17,42.99683594949023,24.0,54.336549820372944,7.281919403398562,49.49790918936938,60.56861677706175,48.0
2023-06-18,37.522026981871704,24.0,53.90098570124416,7.622329418951398,49.426658210901195,60.56861677706175,48.0
2023-06-19,35.47903868501554,24.0,53.41532502554112,8.005250651838482,49.04181543718349,60.56861677706175,48.0
2023-06-20,34.38027895887522,24.0,52.881078023577885,8.365671899960917,48.05826266541043,60.00792570143452,48.0
2023-06-21,33.927265237307054,24.0,52.381491025208305,8.736154542708679,46.91558703164472,60.00792570143452,48.0
2023-06-22,35.05031459704354,24.0,51.78925443025842,8.88901802928772,46.534673565420455,59.307939329163105,48.0
2023-06-23,35.78854745964714,24.0,51.30389795647091,9.088697055437542,46.34868278076477,57.11638673862198,48.0
2023-06-24,35.81783173290155,24.0,50.722860479143534,9.13227420620309,46.29479857429609,55.42495127167205,48.0
2023-06-25,37.32423947914984,24.0,50.09512450331568,8.947430435338557,45.51937712817127,55.02569706097709,48.0
2023-06-26,36.3300123720861,24.0,49.56663520644747,8.96481001587353,43.642268799551005,54.75715956429482,48.0
2023-06-27,40.0469948797075,24.0,49.092351883426005,8.824727396451769,43.02328503823304,54.263227739037575,48.0
2023-06-28,37.61413061085821,24.0,48.544738801357106,8.665887917719592,42.80075291996523,52.913614500962,48.0
2023-06-29,44.71494826780412,24.0,48.17035450902259,8.41008532414,42.80075291996523,51.95572658049205,48.0
2023-06-30,41.74076953257847,24.0,47.790382593279325,8.258437639682992,42.3048099356909,51.77684825250539,48.0
2023-07-01,40.02747848237371,24.0,47.32791986420917,8.024859556283365,41.84589780215386,51.62926692974245,48.0
2023-07-02,40.84362769459658,24.0,46.9475406309277,7.8678029782915875,41.067913154092054,51.423352801892754,48.0
2023-07-03,45.14080429151007,24.0,46.61547801921614,7.575513178768435,41.067913154092054,51.00594272058057,48.0
2023-07-04,44.8255193017151,24.0,46.35910862043762,7.409758079695153,41.067913154092054,50.65783781188803,48.0
2023-07-05,47.66795806335689,24.0,46.088667006629066,7.097600758895201,41.067913154092054,50.45666144261429,48.0
2023-07-06,47.99662540286496,24.0,45.946618166906426,6.983749338970082,41.067913154092054,50.30864956416088,48.0
2023-07-07,47.53726537731351,24.0,45.805125873924226,6.875433015905536,41.067913154092054,50.24684597293138,48.0
2023-07-08,46.433550981417675,24.0,45.6231253089013,6.731593621756337,41.067913154092054,50.19316937484169,48.0
2023-07-09,45.351348234617134,24.0,45.526216530849,6.699206770634525,41.067913154092054,50.08955062553302,48.0
2023-07-10,47.55924459186341,24.0,45.437348515222055,6.640757567994108,41.067913154092054,49.77205346830848,48.0
2023-07-11,50.07025376624395,24.0,45.37440817300935,6.580152497371142,41.067913154092054,49.77205346830848,48.0
2023-07-12,48.54957700870562,24.0,45.4128004972824,6.593214699737077,41.067913154092054,49.77205346830848,48.0
2023-07-13,45.28441274230428,24.0,45.325399729011004,6.564742658052105,41.067913154092054,49.719872812806955,48.0
2023-07-14,47.70467477894441,24.0,45.29057865391255,6.547034968556461,41.067913154092054,49.71351603848473,48.0
2023-07-15,47.68046481570822,24.0,45.237714176859065,6.5161640523463324,41.067913154092054,49.294139436780476,48.0
2023-07-16,44.7058278018604,24.0,45.20588526644616,6.514769542579761,41.067913154092054,49.294139436780476,48.0
2023-07-17,46.39995385065481,24.0,45.20800487029474,6.515148010367469,41.067913154092054,49.294139436780476,48.0
2023-07-18,45.9241588397866,24.0,45.1212174020605,6.475209306248393,41.067913154092054,48.824134330215145,48.0
2023-07-19,43.37043008165865,24.0,44.98497968194027,6.43810553790537,41.067913154092054,48.41133910724545,48.0
2023-07-20,46.38544770177437,24.0,44.90266892196192,6.392289963919461,41.067913154092054,47.94058548750345,48.0
2023-07-21,46.994191666553824,24.0,44.8204617617372,6.337095870913788,41.067913154092054,47.755518000800286,48.0
2023-07-22,48.44682534515222,24.0,44.800992239908666,6.324157529552745,41.067913154092054,47.755518000800286,48.0
2023-07-23,49.008807773085685,24.0,44.750575985171835,6.279311085473559,41.067913154092054,47.755518000800286,48.0
2023-07-24,44.976277554258594,24.0,44.613802132210296,6.196225906771383,41.067913154092054,47.69862228813536,48.0
2023-07-25,46.88439284499703,24.0,44.55526490432784,6.159840811500722,41.067913154092054,47.67733812762039,48.0
2023-07-26,50.9955919338771,24.0,44.479065021467,6.053092832876036,41.067913154092054,47.67733812762039,48.0
2023-07-27,52.34643855601274,24.0,44.49274414452698,6.070405686038801,41.067913154092054,47.67733812762039,48.0
2023-07-28,53.81394889825026,24.0,44.613573807663606,6.195850699105246,41.067913154092054,47.67733812762039,48.0
2023-07-29,62.02417247701063,24.0,44.839854820224744,6.615443622139452,41.067913154092054,47.67733812762039,48.0
2023-07-30,57.01963354431105,24.0,45.05018926800011,6.833007892313912,41.067913154092054,47.69862228813536,48.0
2023-07-31,59.68492963193688,24.0,45.26557479189115,7.121001007432294,41.067913154092054,47.69862228813536,48.0
2023-08-01,60.7871578016523,24.0,45.08869423381979,6.593745210893263,41.067913154092054,47.69862228813536,48.0
2023-08-02,61.53139503828808,24.0,45.45726948849632,6.983978605939385,41.067913154092054,47.92363774688482,48.0
2023-08-03,60.790318065864156,24.0,45.76785228411722,7.312643153333414,41.067913154092054,48.3342753595804,48.0
2023-08-04,63.93823540365819,24.0,46.19190915398791,7.735735443657303,41.067913154092054,48.52388909281727,48.0
2023-08-05,78.54945524786092,24.0,46.919672606727524,8.963100543837957,41.067913154092054,48.89400008199067,48.0
2023-08-06,63.262039063799975,24.0,47.32497666901372,9.236122653021358,41.067913154092054,49.804892267954386,48.0
2023-08-07,63.05015290584335,24.0,47.83553918749315,9.387509898109366,42.14818466984851,50.76425739196881,48.0
2023-08-08,64.21679571913093,24.0,48.41029432817546,9.49466772969527,43.70427951170909,52.008726900478834,48.0
2023-08-09,68.47000931522074,24.0,49.09208893530237,9.688617021158928,44.70810791834633,53.44707131269088,48.0
2023-08-10,59.6670253534898,24.0,49.60688413762602,9.549230535079332,44.742591026281865,56.218212382795855,48.0
2023-08-11,64.13431914949828,24.0,50.18856422867512,9.530228439785898,44.863208864850975,59.00517740119511,48.0
2023-08-12,58.729398486144476,24.0,50.64738124920506,9.373755335672696,45.01740923857146,59.432618636653466,48.0
2023-08-13,60.07596200679264,24.0,51.13254385468289,9.21701025513255,45.17670640420862,59.68045356232511,48.0
2023-08-14,62.17790119393476,24.0,51.62961708897859,9.126869037693771,45.30114661538249,59.9782039130787,48.0
2023-08-15,86.41379694288787,24.0,52.63129278039462,10.108978366603782,45.494550885909504,60.60935885293738,48.0
2023-08-16,55.73197424190718,24.0,52.94499236763861,9.952653258720199,46.039481055283545,60.60935885293738,48.0
2023-08-17,55.4533388273046,24.0,53.30177653196754,9.70861364899567,46.38907423899448,60.60935885293738,48.0
2023-08-18,57.32930298176872,24.0,53.55406362624684,9.644610085173406,46.40835313334553,60.60935885293738,48.0
2023-08-19,53.71970488059507,24.0,53.793642333207174,9.492758037638751,46.54626144731252,60.60935885293738,48.0
2023-08-20,54.97539945657069,24.0,54.09260075269111,9.283440137782986,46.911842550386226,60.60935885293738,48.0
2023-08-21,54.166804727626456,24.0,54.3590642933517,9.08446853208189,47.12996009424374,60.60935885293738,48.0
2023-08-22,52.48725662838563,24.0,54.50599334008922,8.991264236824122,47.542760180950985,60.60935885293738,48.0
2023-08-23,57.97588485219503,24.0,54.769000651098814,8.894126384992942,47.58642295973678,60.60935885293738,48.0
2023-08-24,55.027880969463304,24.0,54.91619910922094,8.834911693934938,47.58954964782461,60.60935885293738,48.0
2023-08-25,49.939123127055716,24.0,54.955049063704756,8.808093317324548,47.58954964782461,60.60935885293738,48.0
2023-08-26,54.72366864229059,24.0,55.098777129004304,8.742973879579841,47.68651730651727,60.60935885293738,48.0
2023-08-27,53.4882149143711,24.0,55.23987040766337,8.656780310048822,47.89021242049636,60.60935885293738,48.0
2023-08-28,57.039548112990545,24.0,55.47363440523084,8.541347346559398,48.47251326104057,60.60935885293738,48.0
2023-08-29,54.292811046059306,24.0,55.608305734314754,8.466773075848879,48.664384699800635,60.60935885293738,48.0
2023-08-30,56.168353520944954,24.0,55.73026772940878,8.429208168549023,48.664384699800635,60.60935885293738,48.0
2023-08-31,57.86119451435707,24.0,55.91650007952181,8.369978387816111,49.24138661157819,60.60935885293738,48.0
2023-09-01,58.92822956545334,24.0,56.18937641598478,8.23763951108279,50.20324032876106,60.60935885293738,48.0
2023-09-02,54.99637684012219,24.0,56.33521045720834,8.148426965700622,51.33330358941101,60.60935885293738,48.0
2023-09-03,56.75129449098977,24.0,56.51662705071397,8.052213719621578,52.381643074105966,60.60935885293738,48.0
2023-09-04,56.29229083080241,24.0,56.74835631129281,7.870040801788611,52.737496199881996,60.60935885293738,48.0
2023-09-05,72.70661099922506,24.0,57.27448945426421,8.04156957958239,53.54608740592709,60.78952799981119,48.0
2023-09-06,59.756850293046625,24.0,57.551143283329424,7.879423561065624,53.74326588500887,60.78952799981119,48.0
2023-09-07,56.19315119869084,24.0,57.80759770567006,7.612615119783852,53.90216285559431,60.78952799981119,48.0
2023-09-08,51.80835911025214,24.0,57.916055933839615,7.484106605969769,53.90216285559431,60.78952799981119,48.0
2023-09-09,54.92354282620337,24.0,58.07464295703261,7.330383034534535,54.19830630723467,60.78952799981119,48.0
2023-09-10,55.92990631984459,24.0,58.22430457652646,7.205123388984921,54.400525445117125,60.78952799981119,48.0
2023-09-11,52.22480059062405,24.0,58.28862443287722,7.135193265721911,54.400525445117125,60.78952799981119,48.0
2023-09-12,45.51391965053222,24.0,58.2993772748027,7.11509875689761,54.400525445117125,60.78952799981119,48.0
2023-09-13,45.941361910518005,24.0,58.280516656113114,7.147152670911017,54.400525445117125,60.78952799981119,48.0
2023-09-14,47.81301831743768,24.0,58.21686518378433,7.227080014875543,54.400525445117125,60.78952799981119,48.0
2023-09-15,42.29318493773272,24.0,58.01580011141873,7.527343241035037,54.400525445117125,60.78952799981119,48.0
2023-09-16,43.13117585381295,24.0,57.80214465052998,7.79586228559683,54.400525445117125,60.78952799981119,48.0
2023-09-17,42.475276029681744,24.0,57.411166721583406,8.065348108851238,54.19830630723467,60.60935885293738,48.0
2023-09-18,37.93815951499693,24.0,57.029537240997115,8.522724514253236,53.83147984235291,60.60935885293738,48.0
2023-09-19,38.75142680891375,24.0,56.61086718453666,8.895629293172112,53.54608740592709,60.60935885293738,48.0
2023-09-20,31.69938478373361,24.0,56.029111724178286,9.54441538481805,52.737496199881996,59.99618407835614,48.0
2023-09-21,35.688928966275924,24.0,55.512262402738045,9.932207595989867,52.290414600064445,59.73439405815742,48.0
2023-09-22,37.03444868798001,24.0,55.03714501518036,10.238057791994123,51.912469480345116,59.48232640648068,48.0
2023-09-23,35.084136673398625,24.0,54.46006304057516,10.534990766218378,50.406432122854824,58.87852179562613,48.0
2023-09-24,41.105819225456145,24.0,53.71119032012707,10.109918331849501,48.34454451984219,58.541020077657116,48.0
2023-09-25,56.59457240212299,24.0,53.577840986893534,10.0249872140274,48.34454451984219,57.94721226773554,48.0
2023-09-26,38.037957286566815,24.0,53.077597074508006,10.165737931761122,46.40927601224792,57.728221631209976,48.0
2023-09-27,39.92415784160086,24.0,52.5917443169574,10.202938481567141,45.62078021552867,57.256864264574176,48.0
2023-09-28,43.371981415180684,24.0,52.08978375895659,10.021593255742893,43.90746597401857,56.96748470749035,48.0
2023-09-29,38.482002540443574,24.0,51.66608330269568,10.141816096947863,43.19137724415488,56.712113968773075,48.0
2023-09-30,44.53713821240203,24.0,51.27413968395374,10.028173798004826,43.19137724415488,56.51900200929285,48.0
2023-10-01,43.03824537035676,24.0,50.96031662163799,10.035624343309793,43.06147799122081,56.26750592277452,48.0
2023-10-02,41.77243954100836,24.0,50.5942461723223,10.030154288809989,42.6160183648505,56.18695177925437,48.0
2023-10-03,45.25433396744873,24.0,50.255774827792585,9.916180566096415,42.6160183648505,56.10874172066986,48.0
2023-10-04,45.173134688339985,24.0,49.43096158270162,8.45470046416588,42.6160183648505,55.880423300360235,48.0
2023-10-05,43.851028709379,24.0,49.19334267205107,8.440942241151046,42.6160183648505,55.81076444670959,48.0
2023-10-06,45.289341139534514,24.0,48.99006271829567,8.409437518046065,42.6160183648505,55.70439998224927,48.0
2023-10-07,44.298823776465944,24.0,48.729453134189605,8.347408562795234,42.6160183648505,55.02000493712802,48.0
2023-10-08,45.04659654647316,24.0,48.55599096750717,8.331693386917713,42.6160183648505,55.02000493712802,48.0
2023-10-09,45.74222061754656,24.0,48.371327390726684,8.288721235646001,42.6160183648505,55.02000493712802,48.0
2023-10-10,47.06268936909288,24.0,48.229245083556016,8.248138557099923,42.6160183648505,55.02000493712802,48.0
2023-10-11,70.0975188768221,24.0,48.581450328524745,8.791747061006344,42.6160183648505,55.70439998224927,48.0
2023-10-12,46.86234594838119,24.0,48.35917955044846,8.689279939827735,42.6160183648505,55.02000493712802,48.0
2023-10-13,38.00565445720552,24.0,48.01873502020331,8.75587789406577,42.33870771071997,54.97816833664248,48.0
2023-10-14,40.951738928082136,24.0,47.838987336223845,8.807746554311143,41.90262589018945,54.97816833664248,48.0
2023-10-15,41.85326492337606,24.0,47.58157926184555,8.790487273954007,41.79264588660028,54.97816833664248,48.0
2023-10-16,40.77758641472082,24.0,47.327366691852546,8.799971511501589,41.2724743043442,54.97816833664248,48.0
2023-10-17,38.66463693548494,24.0,46.95986846830243,8.769728899095464,40.99025900242564,54.76585988116735,48.0
2023-10-18,39.375775957438535,24.0,46.661527766530014,8.768909778960422,40.82112454306115,54.24885726730854,48.0
2023-10-19,38.9004475994166,24.0,46.31616964809945,8.72678982846885,40.13751498488085,52.120690220531074,48.0
2023-10-20,39.03112426825305,24.0,45.93956824317736,8.624098924735474,39.512871428479116,50.809523912048526,48.0
2023-10-21,42.46880180154994,24.0,45.610379687899304,8.430147155878792,39.512871428479116,47.62543608035148,48.0
2023-10-22,42.27750286360756,24.0,45.356002208369006,8.332475687062079,39.512871428479116,47.012603513914954,48.0
2023-10-23,41.19388384680703,24.0,45.044853995485354,8.187480843073168,39.512871428479116,46.632099938915395,48.0
2023-10-24,45.59657675183099,24.0,44.83093971390593,8.025747955316469,39.512871428479116,45.89157658727514,48.0
2023-10-25,45.80185963443361,24.0,44.292844686610096,6.948250704587082,39.512871428479116,45.78694988021185,48.0
2023-10-26,48.338708686655856,24.0,44.06448185448228,6.608987806955821,39.512871428479116,45.78694988021185,48.0
2023-10-27,49.59179403446527,24.0,43.93245471119777,6.425129671267815,39.512871428479116,45.78694988021185,48.0
2023-10-28,48.342009978155836,24.0,43.86312772855584,6.35675162417464,39.512871428479116,45.78694988021185,48.0
2023-10-29,50.547101568987976,24.0,43.775598903411534,6.230219193521163,39.512871428479116,45.78694988021185,48.0
2023-10-30,54.781602761268516,24.0,43.75263283224002,6.186463974516287,39.512871428479116,45.78694988021185,48.0
2023-10-31,56.0334799381865,24.0,43.82880641919127,6.315022496182701,39.512871428479116,45.78694988021185,48.0
2023-11-01,56.16081981110719,24.0,44.041744422402765,6.548200820466505,39.512871428479116,45.90648634149691,48.0
2023-11-02,57.65495172928925,24.0,44.27601621877819,6.821386638798589,39.512871428479116,46.59722436989429,48.0
2023-11-03,60.991857899899415,24.0,44.539593010427424,7.2046892483944465,39.512871428479116,46.59722436989429,48.0
2023-11-04,58.04725961482044,24.0,44.85467450396917,7.444922528918529,39.512871428479116,47.012603513914954,48.0
2023-11-05,60.8843409801986,24.0,45.209737806496896,7.776984573701941,39.512871428479116,48.019703857265114,48.0
2023-11-06,59.70916522639796,24.0,45.554415590431205,8.031073503712378,39.512871428479116,48.34118465528084,48.0
2023-11-07,59.772617135392494,24.0,45.991104742839134,8.200328474325104,40.13751498488085,49.279348020387914,48.0
2023-11-08,62.28751772884825,24.0,46.461826561237814,8.448046695335998,40.82112454306115,50.308274685357304,48.0
2023-11-09,61.43523001872531,24.0,47.05654346593766,8.434252164799707,40.99025900242564,53.72297746319838,48.0
2023-11-10,60.95038876159438,24.0,47.56177266184402,8.495794061528096,41.12783538079387,55.720510643957006,48.0
2023-11-11,61.35564849615533,24.0,48.04819665800753,8.576621480939613,41.338522770357365,56.12898484287702,48.0
2023-11-12,58.132177627015,24.0,48.50915747707985,8.484510427352962,41.79264588660028,56.48613425436904,48.0
2023-11-13,58.76762674352128,24.0,48.86239362744115,8.537488671433195,41.959324408433936,57.38985689749769,48.0
2023-11-14,56.10885007187271,24.0,48.85267918083615,8.528782902141764,41.959324408433936,57.281418749743736,48.0
2023-11-15,56.75767696817469,24.0,49.22707357446831,8.454909181459518,42.32532759809315,57.430633039010615,48.0
2023-11-16,55.3217546227602,24.0,49.535025510091494,8.389313112263919,42.611162693751645,57.430633039010615,48.0
2023-11-17,55.374430074014796,24.0,49.775074483268185,8.381079892371957,42.611162693751645,57.430633039010615,48.0
2023-11-18,56.12086308068438,24.0,50.12785169407299,8.266474557583852,43.241441205112324,57.430633039010615,48.0
2023-11-19,53.21382166397858,24.0,50.30138536310453,8.237739084083639,43.241441205112324,57.430633039010615,48.0
2023-11-20,59.13331208767433,24.0,50.62328669745088,8.262560777282083,43.96297747615074,57.949182643437645,48.0
2023-11-21,53.21294993980754,24.0,50.85209690542686,8.170350545865785,44.48576696896775,57.949182643437645,48.0
2023-11-22,53.24149575550234,24.0,51.01184014118793,8.13668331863576,44.48576696896775,57.949182643437645,48.0
2023-11-23,58.58076490389588,24.0,51.27999274549905,8.161229906435269,44.48576696896775,58.11094812396636,48.0
2023-11-24,58.56554613960829,24.0,51.57428309410364,8.153173223294578,45.1072826947385,58.457204011459964,48.0
2023-11-25,59.03742892601215,24.0,51.849244849833184,8.168699967538698,45.18409159781262,58.576960212823984,48.0
2023-11-26,59.90296417572609,24.0,52.16132765781839,8.172426327031078,45.63298771825988,58.720911283614925,48.0
2023-11-27,59.48607161725767,24.0,52.450117159234075,8.171005930559867,45.75713037176832,58.96997838038943,48.0
2023-11-28,58.54281456999961,24.0,52.706129038283144,8.15706722451731,46.06698121292051,58.96997838038943,48.0
2023-11-29,61.23356285642667,24.0,52.98954650802982,8.203038240866233,46.06698121292051,59.10934129725878,48.0
2023-11-30,60.347669638876766,24.0,52.794549523270916,7.8982819740113905,46.06698121292051,59.10934129725878,48.0
2023-12-01,64.10924284924265,24.0,53.13948746128815,8.009741754431316,46.43607189748917,59.39788173486183,48.0
2023-12-02,62.1261821996674,24.0,53.62189801613737,7.803366580397536,48.33953400953085,59.65339182411289,48.0
2023-12-03,60.809420615648634,24.0,54.01905164988871,7.6491629110868,48.654455992233196,59.75675415814386,48.0
2023-12-04,61.619524067749516,24.0,54.41437683277618,7.517220615150535,49.830620918095946,59.87037741564269,48.0
2023-12-05,62.6439434446795,24.0,54.85170397337535,7.341693411651847,51.213563661692866,60.236493273089096,48.0
2023-12-06,60.00207337335477,24.0,55.278452702132746,6.993469383932696,53.2131678708503,60.261270572496265,48.0
2023-12-07,58.56353875071406,24.0,55.662207957998255,6.619475509551903,53.220740186859516,60.261270572496265,48.0
2023-12-08,59.56136650016084,24.0,56.075426336013145,6.1822073540883276,53.626522506943886,60.261270572496265,48.0
2023-12-09,58.246396144697016,24.0,56.459731773542025,5.677713401745557,54.91664072664144,60.261270572496265,48.0
2023-12-10,55.27758978028743,24.0,56.71590753311677,5.310665205589396,55.288630990905624,60.261270572496265,48.0
2023-12-11,53.77872736969899,24.0,56.94593202323859,4.906199776243365,55.288630990905624,60.261270572496265,48.0
2023-12-12,53.5542698184647,24.0,57.193139742671754,4.379427285051007,55.288630990905624,60.261270572496265,48.0
2023-12-13,48.55117173456516,24.0,57.25223164232644,4.237390728540605,55.288630990905624,60.261270572496265,48.0
2023-12-14,47.02520238172515,24.0,57.276698497272264,4.172968664226709,55.288630990905624,60.261270572496265,48.0
2023-12-15,46.87751763167585,24.0,57.24747467617267,4.241395384061581,55.288630990905624,60.261270572496265,48.0
2023-12-16,46.48528676448248,24.0,57.18534453077301,4.3764316379558705,55.288630990905624,60.261270572496265,48.0
2023-12-17,46.291688112273896,24.0,57.144338093455374,4.469597178496282,55.288630990905624,60.261270572496265,48.0
2023-12-18,47.567524657130214,24.0,57.08474655521822,4.577901480350596,55.288630990905624,60.261270572496265,48.0
2023-12-19,45.48937743391965,24.0,56.898902048671246,4.85361872345061,55.288630990905624,60.261270572496265,48.0
2023-12-20,42.83370031737455,24.0,56.634906456254996,5.2448602276874094,54.1534429723461,60.261270572496265,48.0
2023-12-21,42.7197861310703,24.0,56.36608578265427,5.601952956436747,53.61038420627327,60.261270572496265,48.0
2023-12-22,40.57464430805272,24.0,56.02447963422953,6.026447966858992,53.31968927124293,60.261270572496265,48.0
2023-12-23,42.566004073781485,24.0,55.65596255770717,6.274748804726131,53.220740186859516,59.9772960739476,48.0
2023-12-24,42.22596354504664,24.0,55.33953663631169,6.54480859737334,53.2131678708503,59.9772960739476,48.0
2023-12-25,43.79421716428,24.0,54.99773415999332,6.693889322900417,49.71661628587575,59.87037741564269,48.0
2023-12-26,41.9477117090166,24.0,54.6425050896457,6.906660018212065,47.81343642648895,59.87037741564269,48.0
2023-12-27,45.1608405055576,24.0,54.350269557048996,6.9937428464465885,47.16078295057642,59.81756475683478,48.0
2023-12-28,47.73079638260698,24.0,54.059135130124176,6.959487819748717,47.16078295057642,59.542542779435045,48.0
2023-12-29,65.0841766489406,24.0,54.132114062728476,7.0568645598742945,47.16078295057642,59.542542779435045,48.0
2023-12-30,46.452663431446126,24.0,53.842159556125516,7.068829168326546,46.91443881918818,59.39788173486183,48.0
2023-12-31,47.390879683051324,24.0,53.56286417986344,7.0417344009852565,46.91443881918818,59.10934129725878,48.0
2024-01-01,45.43751613140105,24.0,53.30897094995116,7.102219705116499,46.583344481280825,59.10934129725878,48.0
2024-01-02,46.76018829007645,24.0,53.068822180882265,7.116868108387322,46.554012145880975,59.10934129725878,48.0
2024-01-03,46.234727477966324,24.0,52.87133972900413,7.167605535946028,46.460819264705215,59.10934129725878,48.0
2024-01-04,46.11969114927886,24.0,52.65858001262622,7.207665552883812,46.33193194206695,59.10934129725878,48.0
2024-01-05,43.91149815488233,24.0,52.43037488326866,7.301644707589929,46.24896763654321,59.10934129725878,48.0
2024-01-06,44.86858220448856,24.0,52.22025792587813,7.366073008996496,46.148450231450724,59.10934129725878,48.0
2024-01-07,45.02588909859158,24.0,51.99835844623628,7.413136162487667,45.646955862759455,59.10934129725878,48.0
2024-01-08,46.018340969765575,24.0,51.85444883235202,7.458760853139971,45.62161831788113,59.10934129725878,48.0
2024-01-09,44.03107785440465,24.0,51.55240414768662,7.463768667457251,45.4504814570307,58.92326292048308,48.0
2024-01-10,45.3656560848292,24.0,51.395458270587056,7.510497595125795,45.38362109647216,58.92326292048308,48.0
2024-01-11,38.465304874223904,24.0,51.09993445296149,7.724048621571595,45.212044400375504,58.92326292048308,48.0
2024-01-12,40.72481553506984,24.0,50.742815465584975,7.7836681427665555,45.05962695033308,58.919458229411184,48.0
2024-01-13,38.411853782952974,24.0,50.33974161845186,7.891383925325415,44.907908928014315,58.91895638218762,48.0
2024-01-14,41.617807097686075,24.0,49.99134918188533,7.884079262923465,44.24045394192563,58.55835770553544,48.0
2024-01-15,34.98184769061644,24.0,49.492926852183146,8.031062612580113,43.94139307976291,58.46870996367396,48.0
2024-01-16,34.4798641337647,24.0,48.99280270251329,8.173405441828669,43.82353741193058,57.504194553594616,48.0
2024-01-17,34.748167268753676,24.0,48.51690975648837,8.297782438548847,43.07382952910091,54.90287417764032,48.0
2024-01-18,31.731328549878818,24.0,47.926865070357415,8.423050625654925,42.74826467764636,53.72261298189042,48.0
2024-01-19,35.21281367935846,24.0,47.424167951167036,8.416670541539895,42.60444958810369,52.30349529748981,48.0
2024-01-20,35.28317284039667,24.0,46.84764655099012,8.235773136846744,42.31097367723035,48.346077896575615,48.0
2024-01-21,37.880490610280745,24.0,46.3627327192024,8.029015190840804,42.017274668024115,47.68997845123779,48.0
2024-01-22,39.262655396409436,24.0,45.93179741481761,7.813134162718001,41.70028325051871,47.52336341361049,48.0
2024-01-23,43.52372914275529,24.0,45.56988151631773,7.483796204881016,41.70028325051871,47.29946035771978,48.0
2024-01-24,43.02169340170615,24.0,45.177436515458254,7.073408228195267,41.70028325051871,46.988281194212824,48.0
2024-01-25,41.43239433709951,24.0,44.80604293473315,6.759695859495759,41.47874752724615,46.848185296276,48.0
2024-01-26,42.32531813437849,24.0,44.48127852240645,6.469067096361294,41.47874752724615,46.691462908677956,48.0
2024-01-27,46.665128847311856,24.0,44.22335376934946,6.102235314222056,41.47874752724615,46.620168326604514,48.0
2024-01-28,44.575680060320515,24.0,43.949939447661926,5.757634084796527,41.47874752724615,46.47713093122339,48.0
2024-01-29,52.3440508775203,24.0,43.89126866960659,5.653859967539775,41.47874752724615,46.47713093122339,48.0
2024-01-30,52.393358841982725,24.0,43.863561299052265,5.607622012154756,41.47874752724615,46.47713093122339,48.0
2024-01-31,50.30160577096327,24.0,43.79850801810223,5.510940501745002,41.47874752724615,46.47713093122339,48.0
2024-02-01,48.84211465164547,24.0,43.804326876443845,5.51621220602196,41.47874752724615,46.47713093122339,48.0
2024-02-02,55.80654107931495,24.0,43.979953650395636,5.755455489264004,41.47874752724615,46.47713093122339,48.0
2024-02-03,53.49019745069309,24.0,44.11220724677598,5.897617014409144,41.47874752724615,46.47713093122339,48.0
2024-02-04,56.60301001012955,24.0,44.314561711688924,6.148923444493573,41.47874752724615,46.612012493345425,48.0
2024-02-05,51.141271701333444,24.0,44.41155338347012,6.218599960626626,41.47874752724615,46.7364234293853,48.0
2024-02-06,53.144879276772585,24.0,44.523100475862954,6.325470018564824,41.47874752724615,46.7364234293853,48.0
2024-02-07,54.20274599654174,24.0,44.6973678471154,6.470987634370345,41.47874752724615,47.2332068348076,48.0
2024-02-08,54.00145754876576,24.0,44.92072299174323,6.596858899611638,41.47874752724615,47.64581720771807,48.0
2024-02-09,52.62632638277887,24.0,45.118853796777394,6.67767867140446,41.47874752724615,48.564285084385844,48.0
2024-02-10,54.33586980844448,24.0,45.39407830678524,6.769521050227859,41.70028325051871,49.93673299113382,48.0
2024-02-11,50.506446213992824,24.0,45.55288714958946,6.794913518615995,41.70028325051871,50.455236103235436,48.0
2024-02-12,51.939350730229094,24.0,45.74715489329312,6.836580979736476,41.70028325051871,50.982565329498286,48.0
2024-02-13,52.119201742978596,24.0,45.91365458486708,6.8892196813079245,41.70028325051871,51.73983097300518,48.0
2024-02-14,52.671421490520494,24.0,46.128128780497164,6.930036361591115,41.79468485685918,52.07423898979122,48.0
2024-02-15,52.97095526018031,24.0,46.28433107558962,6.995499230117838,41.79468485685918,52.28783859388488,48.0
2024-02-16,49.36967313233538,24.0,46.317108610584185,7.0062462216969355,41.79468485685918,52.28783859388488,48.0
2024-02-17,48.80463324097427,24.0,45.99151774242486,6.474394282900301,41.79468485685918,52.07423898979122,48.0
2024-02-18,54.872430441169755,24.0,46.159913082619326,6.595006445322492,41.79468485685918,52.28783859388488,48.0
2024-02-19,53.614477870241274,24.0,46.28438504636312,6.676935604999169,41.79468485685918,52.38103185086712,48.0
2024-02-20,52.26306985171416,24.0,46.420896120769385,6.728840919630204,41.79468485685918,52.38103185086712,48.0
2024-02-21,57.82985907867825,24.0,46.642289536541426,6.9196352834380255,41.79468485685918,52.56808449757983,48.0
2024-02-22,56.05548980756196,24.0,46.83870478313334,7.0460577418754164,41.79468485685918,52.66014771358509,48.0
2024-02-23,59.37318167740888,24.0,47.10377459369593,7.26437011550091,41.79468485685918,52.89607181776536,48.0
2024-02-24,58.393243367613906,24.0,47.39340949795057,7.421493390369324,41.79468485685918,53.101398272624515,48.0
2024-02-25,63.63206101271549,24.0,47.768679074115106,7.757981183900437,41.79468485685918,53.40386790721296,48.0
2024-02-26,64.2360717502615,24.0,48.15288272714851,8.088034539365202,41.79468485685918,53.583407765354224,48.0
2024-02-27,61.35862742570774,24.0,48.45968845626735,8.293749514613907,41.79468485685918,53.904712629134636,48.0
2024-02-28,64.80321517651579,24.0,48.87513120270958,8.582607483482223,41.79468485685918,54.152423884597745,48.0
2024-02-29,64.98674331083998,24.0,49.26755294722979,8.862860248458906,41.79468485685918,54.3025888554688,48.0
2024-03-01,67.06739013398686,24.0,49.83959465242505,9.071989130286852,42.499411951210405,54.73829028298844,48.0
2024-03-02,62.80570294459828,24.0,50.281212400615615,9.156282337918721,43.147202336968434,55.57301341977865,48.0
2024-03-03,66.26585940998302,24.0,50.83829251315621,9.266076112668374,43.7867168721466,55.993252625500205,48.0
2024-03-04,66.91233095782744,24.0,51.34418299035905,9.441235285011157,45.09804225706835,56.46612995948765,48.0
2024-03-05,60.92363521991584,24.0,51.86301874094504,9.234241539181033,47.20000494572746,57.523146811541075,48.0
2024-03-06,61.474175156542195,24.0,52.40290496140058,8.982881713876031,48.81400359364207,58.25239729537999,48.0
2024-03-07,58.93502463074931,24.0,52.8866421086405,8.658126739690287,48.97400427181795,58.799579314965456,48.0
2024-03-08,61.44838311723346,24.0,53.480983199987584,8.183219295746934,49.60265629199235,59.26364241574399,48.0
2024-03-09,62.23183452740957,24.0,54.02136361694861,7.837038767654691,50.35281588172066,60.5360218342891,48.0
2024-03-10,62.48755181330109,24.0,54.565451196406705,7.444069876427965,50.66515258582798,61.24987937425976,48.0
2024-03-11,58.23835950458902,24.0,54.97260857429286,7.059670063825099,51.340791458557355,61.24987937425976,48.0
2024-03-12,59.92280506481176,24.0,55.3858115676609,6.717739400275046,51.98431348341647,61.24987937425976,48.0
2024-03-13,52.49580014240532,24.0,55.56525298765391,6.511067994894406,52.15516877016249,61.24987937425976,48.0
2024-03-14,50.499779919114204,24.0,55.714814718002074,6.299507609581222,52.15516877016249,61.24987937425976,48.0
2024-03-15,52.547420372306725,24.0,55.93711523870622,5.972863786794519,52.283315108165695,61.24987937425976,48.0
2024-03-16,52.31585640188115,24.0,56.13692600405627,5.667516223468896,52.32290502079094,61.24987937425976,48.0
2024-03-17,50.53759587212603,24.0,56.21437534455256,5.56089462695277,52.32290502079094,61.24987937425976,48.0
2024-03-18,45.71004306409602,24.0,56.237062604628065,5.514563162343065,52.32290502079094,61.24987937425976,48.0
2024-03-19,49.1069433597838,24.0,56.17232045427334,5.579816798138718,52.2762664892559,61.24987937425976,48.0
2024-03-20,46.31702394436129,24.0,56.05079375632091,5.728003714395171,52.15516877016249,61.24987937425976,48.0
2024-03-21,50.09938802248738,24.0,56.04674940135139,5.732215711030552,52.15516877016249,61.24987937425976,48.0
2024-03-22,49.50437123645526,24.0,56.059994533047586,5.715970696986567,52.15516877016249,61.24987937425976,48.0
2024-03-23,47.05512731174015,24.0,55.884966257696085,5.856159115284907,51.98431348341647,61.24987937425976,48.0
2024-03-24,48.19191528559066,24.0,55.779000614394036,5.947597798967019,51.340791458557355,61.24987937425976,48.0
2024-03-25,47.469919697426455,24.0,55.59633880813998,6.060941576279919,50.68851482942789,61.24987937425976,48.0
2024-03-26,49.874641805453614,24.0,55.57100621022238,6.082550709253521,50.51423362852613,61.24987937425976,48.0
2024-03-27,52.321937899798144,24.0,55.5545473826829,6.090357956270362,50.51423362852613,61.24987937425976,48.0
2024-03-28,48.80889878706485,24.0,55.44667043849335,6.162137645882623,50.50144649283386,61.24987937425976,48.0
2024-03-29,52.07320614664082,24.0,55.40810541045085,6.177381943198786,50.50144649283386,61.24987937425976,48.0
2024-03-30,50.168310018993544,24.0,55.35894508317515,6.209667676921553,50.25117749402371,61.24987937425976,48.0
2024-03-31,49.65421141064801,24.0,55.265311915219215,6.260497478084537,50.11661852161392,61.24987937425976,48.0
2024-04-01,50.859976334719896,24.0,55.27238251763376,6.2552105368010205,50.11661852161392,61.24987937425976,48.0
2024-04-02,48.64433191635189,24.0,55.20648214135621,6.308174313043334,49.93082835971205,61.24987937425976,48.0
2024-04-03,49.04777412512989,24.0,55.14505358899925,6.353642384317412,49.709319009349414,61.24987937425976,48.0
2024-04-04,47.00125884650811,24.0,55.03165033611899,6.448586821937052,49.54183128000345,61.24987937425976,48.0
2024-04-05,52.38172476183022,24.0,55.01986572615199,6.45296645200535,49.54183128000345,61.24987937425976,48.0
2024-04-06,47.41201133384359,24.0,54.98071249018216,6.493758618571987,49.54183128000345,61.24987937425976,48.0
2024-04-07,44.694004186190284,24.0,54.898499909086475,6.598717587581201,49.54183128000345,61.24987937425976,48.0
2024-04-08,45.17195676263339,24.0,54.70449043551575,6.7405770878768685,49.20630032895166,61.24987937425976,48.0
2024-04-09,43.10976992694921,24.0,54.4943962766499,6.936116705852003,49.062566433793364,61.24987937425976,48.0
2024-04-10,41.46789085718413,24.0,54.278492696759315,7.171024947294155,48.86861762158111,61.24987937425976,48.0
2024-04-11,41.74549569097793,24.0,53.9568054290053,7.36656264758315,48.68547363403013,61.24987937425976,48.0
2024-04-12,40.71826540427701,24.0,53.6500609409396,7.593224522244038,48.30501944328097,61.24987937425976,48.0
2024-04-13,36.9518009186564,24.0,53.20163332576456,7.904040924819956,47.65041859446751,61.24987937425976,48.0
2024-04-14,35.834874532441226,24.0,52.7504659490611,8.238403327806418,47.426488424739304,61.24987937425976,48.0
2024-04-15,35.60920442382299,24.0,52.19000881728325,8.433898202852944,47.14434831726601,60.67342768113982,48.0
2024-04-16,30.955043477766747,24.0,51.52438825183335,8.770387199508626,47.014725962816115,59.67585995629615,48.0
2024-04-17,32.17413589147465,24.0,50.94069842114869,9.068616217814398,46.48808266989799,58.76085834920924,48.0
2024-04-18,37.83999204490291,24.0,50.40143395851643,9.029056309227888,45.86178828416234,56.81562472151845,48.0
2024-04-19,38.55438556124407,24.0,49.87278680352451,8.930933344767684,45.30647833799905,52.534515314831374,48.0
2024-04-20,35.171800901965064,24.0,49.234875018884075,8.816074118825062,44.81349233030106,52.46728129726155,48.0
2024-04-21,37.457122514441814,24.0,48.72790341028095,8.74833168169248,43.50582849175948,52.3667780463222,48.0
2024-04-22,37.7624270344799,24.0,48.15783476277089,8.507553560662348,42.08656424997075,52.320417525318895,48.0
2024-04-23,44.30120589424455,24.0,47.705612261499226,8.080541140390643,42.08656424997075,52.255193838071065,48.0
2024-04-24,41.51375975749402,24.0,47.31741475225079,7.896718709082801,41.571693740865,51.76989869366059,48.0
2024-04-25,40.233599654086824,24.0,46.89260324220169,7.688174702292435,41.479358082261605,50.77938121907143,48.0
2024-04-26,39.830712714005415,24.0,46.51051700386681,7.550975572397358,40.90567176750379,50.528141883873076,48.0
2024-04-27,39.77252005020366,24.0,46.07699974252621,7.293704681106909,40.354766091634374,50.41691244408404,48.0
2024-04-28,44.582786732758166,24.0,45.72401878663319,6.913064352893909,40.354766091634374,50.151079519867004,48.0
2024-04-29,43.75974338179822,24.0,45.34946261800312,6.480048186978006,40.354766091634374,50.04320146822894,48.0
2024-04-30,43.39544965597732,24.0,45.05260442103089,6.211983916919954,40.354766091634374,49.81953420675221,48.0
2024-05-01,45.75700438523283,24.0,44.76928840743932,5.831316543623532,40.354766091634374,49.61675136709982,48.0
2024-05-02,45.519827195398435,24.0,44.629768948499176,5.7251671749505935,40.354766091634374,49.4050142672874,48.0
2024-05-03,51.50142168769961,24.0,44.64980178387088,5.747833552338148,40.354766091634374,49.4050142672874,48.0
2024-05-04,50.144322197887746,24.0,44.601739820382505,5.69020607624878,40.354766091634374,49.4050142672874,48.0
2024-05-05,48.43632921336423,24.0,44.52414927661217,5.608738227769376,40.354766091634374,49.092151051120325,48.0
2024-05-06,51.31734445537705,24.0,44.53974424827718,5.626854490665625,40.354766091634374,49.092151051120325,48.0
2024-05-07,48.27612613574045,24.0,44.591065909710075,5.649403681988355,40.354766091634374,49.092151051120325,48.0
2024-05-08,46.05332189707177,24.0,44.52999348045583,5.615995536600749,40.354766091634374,48.98805529061363,48.0
2024-05-09,70.80197804088559,24.0,45.019692562386325,6.731686150194352,40.354766091634374,49.39022195862392,48.0
2024-05-10,47.98765014361985,24.0,44.97745780480897,6.705740155027181,40.354766091634374,48.98805529061363,48.0
2024-05-11,44.399050365609774,24.0,44.87535138739206,6.674197841022975,40.354766091634374,48.767757069386604,48.0
2024-05-12,45.711826282596526,24.0,44.84848536680919,6.66794510195487,40.354766091634374,48.767757069386604,48.0
2024-05-13,44.056504896125084,24.0,44.76577715901988,6.651253954681842,40.354766091634374,48.767757069386604,48.0
2024-05-14,42.8907712153912,24.0,44.674194189379165,6.644782620664071,40.354766091634374,48.767757069386604,48.0
